profile,rms_zs,max_zs,rms_jerk,comfort_score
profile_1,0.00665095185709398,0.0512696492251606,12.4418841992684,319.467462664594
profile_2,0.0146200212456653,0.0258343227790004,53.2291876182585,598.634382194483
profile_3,0.00190340013274489,0.00604994063148549,25.9776170916606,196.292355972739
profile_4,0.00749973562275364,0.0647358581413263,81.3015225413802,1902.55983718905
profile_5,0.0105651181253282,0.0292901858848058,85.9052540435865,1854.51780089718
